backend,N,trial,steps,warmup_steps,seconds,seconds_per_step,interactions_per_second,checksum,cpu_threads,mpi_ranks
CPU/OpenMP,65536,1,33,3,61.594944437999999,1.8665134678181818,9204116303.5816231,-341815405.5264169,12,12
CPU/OpenMP,65536,2,33,3,60.808931891,1.8426949057878788,9323088149.882597,-341815405.5264169,12,12
CPU/OpenMP,65536,3,33,3,60.848791708999997,1.843902779060606,9316980935.812851,-341815405.5264169,12,12
MPI,65536,1,31,3,60.369685615000002,1.9474092133870968,8821775578.4978504,-341815405.52641702,12,12
MPI,65536,2,31,3,59.769045087000002,1.9280337124838711,8910428758.9803829,-341815405.52641702,12,12
MPI,65536,3,31,3,59.773381119,1.928173584483871,8909782385.9041176,-341815405.52641702,12,12
CUDA,65536,1,21,3,60.500915925999998,2.8809959964761904,5963079109.1041975,-341815405.52641684,12,12
CUDA,65536,2,21,3,60.636874816999999,2.8874702293809524,5949708802.2559986,-341815405.52641684,12,12
CUDA,65536,3,21,3,60.347159929999997,2.8736742823809522,5978272188.0943375,-341815405.52641684,12,12
